Company Name,X1,X2,X3,X4,X5,X6,X7,X8,X9,X10,X11,X12,X13,X14,X15,X16,X17,X18,X19,X20,X21,X22
2302,2.96,13.67,1.53,7.36,4.91,2.62,26.32,49.36,19.01,23.4,2663.29,59.42,139.6,109.76,34.09,25.42,4.76,15.63,0.28,3.24,1.26,-2621
2303,14.94,42.02,8.01,12.46,12.69,6.07,12.86,83.98,23.67,96.21,513.44,502.36,276.37,215.49,66.69,40.01,6.66,22.55,0.47,6.18,1.24,15314898
2329,6.11,8.8,-4.53,-2.55,-2.84,-1.39,6.42,2.67,-22.44,-71.99,-139.28,-143.41,78.56,53.69,143.99,59.01,5.61,60.13,0.93,10.89,2.34,-57106
2330,26.68,67.42,21.15,41.9,43.33,24.77,10.92,95.8,29.89,54.73,64.88,62.29,175.04,153.86,47.38,32.15,8.62,15.22,0.53,6.4,0.91,-18621330
2337,12.02,24.97,12.35,14.94,15.14,8.82,19.2,36.88,16.64,42.37,89.53,84.55,181.18,97.59,80.24,44.52,6.7,55.8,0.64,2.06,1.31,1351158
2338,6.93,12.7,0.89,7.67,3.29,3.03,10.35,-4.61,37.22,14.27,82.66,-65.52,74.23,63.24,140.95,58.5,5.55,37.87,0.7,15.26,2.25,669416
2342,6.9,7.03,3.14,13.11,4.45,11.97,10.65,37.52,45.43,698.53,250.02,124.49,369.64,309.55,40.13,28.64,6.47,26.23,0.67,7.28,6.12,-71689
2344,7.24,20.95,-0.26,2.53,3.24,0.95,24.36,27.18,11.06,6.78,-26.75,-34,186.72,120.32,91.34,47.74,6.48,39.09,0.48,3.19,0.9,779363
2351,8.49,14.49,4.2,6.01,5.3,5.22,8.86,26.46,-8.46,-25.92,-39.04,-46.11,246.73,115.39,75.61,43.05,4.62,78.39,0.79,2.59,1.83,422753
2363,-1.06,-97.17,39.77,-297.15,-112.12,-22.63,328.21,-109.37,-36.36,-49.86,-30.94,-17.18,472.97,437.04,2.22,2.17,5.16,0.92,0.02,1.43,0.2,-60323
2369,6.66,13.55,-2.05,-3.65,-2.74,-3.47,8.81,14.74,13.64,393.45,68.88,74.94,225.56,180.23,49.75,33.22,4.6,30.97,0.66,13.06,1.36,196819
2379,10.4,14.62,19.9,10.76,11.79,25.3,31.9,19.07,26.36,23.33,31.87,19.86,136.84,120.69,196.08,66.22,5.83,83.58,0.96,5.54,19.02,7654873
2388,1.43,4.7,-3.01,-2.81,-0.61,-5.82,37.06,-9.37,15.28,20.6,77.11,-131.63,129.69,94.4,135.55,57.55,14.93,33.33,0.69,5.02,3.14,130144
2401,6.2,16.12,2.83,6.83,9.6,4.65,38.89,18.13,9.49,15.91,197.68,117.16,376.14,305.93,25.37,20.24,5.96,22.32,0.52,3.92,3.1,431934
2408,11.25,40.4,3.5,15.42,16.99,5.39,11.48,136.44,19.74,-5.16,-11.71,-18.82,709.94,546.37,9,8.26,7.28,16.36,0.37,2.68,0.74,7858988
2434,-3.2,-15.83,-26.38,-55.57,-45.74,-19.49,64.57,11.61,-21.33,110.24,62.48,69.63,90.27,68.78,272.08,73.12,2.37,42.8,0.18,3.75,0.27,-240479
2436,5.57,13.7,7.14,4.97,9.57,4.27,20.53,-11.31,8.13,11.12,71.99,-36.04,316.26,273.95,46.14,31.57,3.24,45.53,0.61,4.29,9.6,268345
2441,21.54,40.51,11.09,21.78,22.16,16.45,3.46,122.12,20.95,31.17,36.01,31.97,299.23,248.7,18.15,15.36,4.37,24.45,0.71,16.46,1.38,1214035
2449,18.09,47.48,13.12,17.91,17.59,10.15,11.03,103.86,19.74,32.3,48.82,49.46,199.47,180.86,119.11,54.36,4.88,25.98,0.51,20.32,0.78,-755230
2451,6.15,15.94,4.85,11.26,13.63,18.19,11.39,-7.87,-17.03,-16.02,-27.27,-30.47,918.74,710.46,9.56,8.72,8.04,24.45,0.55,3.34,4.76,2522893
2454,8.11,17.09,11.98,12.34,13.6,12.15,31.37,30.37,24.37,30.6,70.41,53.67,200.19,169.09,43.76,30.44,9.28,20.22,0.63,5.78,7.8,30886884
2458,24.48,25.23,24.79,27.32,23.88,47.41,19.27,42.17,54.28,54.92,96.25,35.33,218.94,179.29,64.53,39.22,8.01,50.52,1.14,4.7,17.26,1524522
2481,8.65,18.71,11.08,9.2,10.86,7.99,13.89,17.08,10.44,22.06,58.67,82.52,168.87,131.1,153.26,60.51,2.83,79.81,0.62,4.56,3.26,-63802
3006,11.16,11.92,11.24,8.61,8.94,12.01,10.2,-16.09,22.09,77.92,271.19,177.68,255.62,100.79,57.78,36.62,9.76,107.28,1.26,2.01,20.31,422517
3014,15.55,25.29,19.77,23.43,23.71,26.27,28.38,-17.85,28.91,26.2,66.29,60.8,302.12,263.13,33.84,25.29,6.53,29.07,0.83,5.67,7.37,629162
3016,6.24,12.68,0.42,0.1,0.46,-0.45,5.89,22.95,3.44,-15.67,-91.25,-67.07,315.35,218.02,46.38,31.68,4.14,46.1,0.67,4.48,1.72,83192
3034,21.97,18.68,25.62,17.44,17.39,28.3,16.33,48.73,20.18,27.04,35.25,31.86,275.19,220.62,43.52,30.33,5.35,64.9,1.57,7.29,16.6,6705969
3035,5.92,15.55,12.18,3.07,7.18,3.32,44.42,22.45,4.13,-8.18,-63.45,-19.47,270.81,208.65,37.9,27.48,6.2,27.98,0.7,4.29,9.63,326830
3041,-2.93,-6.72,-5.28,-16.28,-13.03,-16.47,48.76,-34.11,0.94,-8.63,33.28,36.03,375.78,311.5,19.38,16.24,10.33,15.96,0.52,5.04,5.79,93788
3054,-4.57,-3.64,-1.84,-26.46,-7.66,-17.87,23.2,-27.98,203.03,-288.78,-4.99,-261.4,909.76,723.19,7.51,6.99,34.97,6.12,0.31,3.56,48.52,8861
3094,3.02,22.6,2.06,8.9,17.1,2.4,59.3,48.93,-0.81,2.06,509.35,2.73,2283.21,2179.81,10.78,9.73,6.63,6.29,0.19,2.57,1.41,95732
3189,9.83,21.07,1.96,4.06,3.69,2.45,16.43,30.13,21.5,157.99,144.75,137.01,196.11,164.15,45.4,31.22,6.58,24.94,0.62,7.61,1.37,556196
3257,11.96,27.94,10.05,23.4,24.99,17.76,23.43,98.9,53.02,78.14,883.43,186.15,568.31,459.47,15.58,13.48,5.6,27.88,0.57,2.45,5.14,302167
3413,17.81,18.97,20.76,17.11,15.89,23.37,9.02,29.02,47.24,75.28,166.02,159.75,180.62,129.92,74.05,42.54,8.39,55.54,1.17,4.69,6.35,1273670
3443,9.83,8.49,5.76,2.7,3.2,8.59,22.37,37.03,29.84,-1.47,-26.72,-30.54,168.58,105.92,112.04,52.84,9.94,79.87,1.55,5.18,14.12,833389
3530,9.27,11.85,7.08,7.71,8.33,9.94,12.17,-2.77,27.93,26.9,66.01,48.32,500.14,204.73,37.38,27.21,354.15,57.27,1.04,2.17,5.2,-166307
3532,12.81,32.09,4.97,14.95,13.36,7.77,4.99,150.16,0.92,-34.42,-40.32,-50.76,749.7,564.56,10.68,9.65,5.96,24.54,0.53,3.32,1.17,1256756
3536,-2.16,-7.98,-31.01,-20.74,-23.44,-15.74,28.65,-1.25,-59.3,-42.61,10.07,10.59,79.99,49.01,443.18,81.59,2.77,136.98,0.36,2.81,0.75,160319
3545,5.18,6.4,4.41,4.39,5.44,4.41,17.39,-6.09,49.43,44.54,220.22,325.31,209.2,119.62,64.57,39.24,8.71,51.72,1.08,5.16,9.47,1021013
3583,9.65,14.7,7.4,12.56,10.58,9.18,29.36,21.68,-23.83,-6.87,-10.77,-29.52,224.48,149.9,62.48,38.46,4.8,57.58,0.82,2.47,2.55,-56103
3588,7.11,10.76,2.75,4.86,4.81,4.5,27.35,13.66,36.28,26.09,321.46,143.46,400.04,269.06,23.63,19.11,7.72,43.66,0.88,2.94,3.46,58824
3661,23.09,30.85,13.75,14.5,15.19,15.67,18.57,73.79,78.48,49.46,157.5,121.76,148.96,106.3,131.14,56.74,11.03,21.8,1,8.87,9.92,487769
3686,-1.32,-18.41,-10.64,-47.4,-43.8,-14.09,40.42,-46.79,-24.47,75.01,39.35,-43.85,1015.77,253.02,35.47,26.18,0,0,0.08,0,36.92,18267
3711,11.43,19.61,7.72,7.2,7.05,7.25,9.46,26.75,10.41,22.99,59.43,56.49,133.15,84.76,167.33,62.59,5.28,68.8,0.77,6.74,1.89,2672069
4919,4.16,10.15,3.79,2.63,5.82,3.26,36.01,6.91,42.51,38.56,-29.47,31.16,150.51,91.43,296.75,74.8,5.55,135.32,0.69,2.25,3.93,822690
4952,11.06,14.68,9.63,10.47,11.05,10.17,23.6,11.96,1.09,-0.01,11.74,6.9,320.71,253,37.73,27.4,4.8,53.61,1.01,4.66,5.44,286949
4961,6.15,5.6,5.35,3.39,3.77,5.32,15.63,40.23,6.51,-1.12,-15.85,-13.23,247.56,190.02,62.26,38.37,3.93,90.1,1.47,5.49,35.17,-347753
4967,6.25,3.14,9.7,2.8,2.58,6.19,5.09,-32.28,15.27,81.36,564.93,316.2,187.35,63.64,145.66,59.29,13.49,187.62,2.67,4.44,45.58,-451175
4968,25.64,19.54,33.26,17.16,17.57,27.1,17.6,-3.56,93.72,77.42,243.83,248.31,217.69,135.68,76.28,43.27,4.76,131.8,1.75,3.73,42.19,85261
5269,27.16,53.25,46.84,36.71,50.21,58.91,15.64,97.73,81.66,91.77,114.9,187.35,330.43,267.42,11.17,10.05,8.19,15.68,0.79,5.75,29.65,1193448
5285,4.78,8.06,1.85,3.45,2.58,3.73,9.7,38.83,-8.16,-24.52,-47.42,-61.33,309.87,199,130.48,56.61,4.29,88.47,0.8,3.17,2.8,-213530
5471,23.95,25.1,25.83,22.99,23.18,33.52,20.24,69.71,60.95,74.64,245.25,204.9,357.51,243.52,27.83,21.77,8.96,47.5,1.27,3.67,6.82,334472
6202,17.43,23.9,19.62,18.93,20.84,27.52,27.02,58.86,17.71,11.36,4.1,5.1,338.58,209.6,38.93,28.02,5.82,42.51,0.97,4.22,15.07,1028868
6239,16.75,31.83,10.83,13.91,13.65,11.02,5.62,64.68,21.05,31.33,41.35,37.71,233.91,190.85,92.45,48.04,5.29,35.89,0.71,13.52,1.27,-288280
6243,-2.49,-4.57,-6.54,-3.91,-6.68,-3.96,27.02,15.03,14.24,18.13,58.65,10.02,218.96,97.24,85.93,46.22,3.26,73.52,0.73,2.66,63.67,213
6257,14.57,43.32,9.97,18.76,18.68,12.77,10.52,36.02,31.73,47.67,49.17,39.2,156.39,145.22,99.43,49.86,3.76,24.57,0.45,46.37,0.99,-75973
6271,10.09,27.56,6.04,18.69,17.82,12.39,9.05,16.66,28.95,74.66,123.85,95.12,201.12,162.92,22.12,18.11,6.05,15.25,0.49,4.97,1.4,964439
6415,14.46,25.5,11.49,23.23,22.77,34.51,26.91,182.4,31.41,40.91,65.89,30.31,835.2,560.79,8.38,7.73,11.95,21.7,0.74,3,11.42,709724
6451,9.51,29.6,6.82,17.9,17.58,8.24,12.15,21.76,-20.98,18.68,68.9,30.97,160.58,146.65,111.32,52.68,4.38,23.04,0.39,9.56,2.09,1608637
6515,25.69,26.79,25.7,23.06,22.86,32.4,16.1,58.91,6.66,-5.18,1.69,0.86,226.29,165.81,54.65,35.34,3.81,75.34,1.26,4.63,5.95,319465
6525,18.37,32.03,13.74,24.37,23.11,20.15,7.82,50.49,6.3,10.57,15.35,-3.25,264.3,236.92,31.46,23.93,5.07,26.29,0.77,19.72,2.69,492774
6531,8.55,11.91,10.36,10.48,10.34,11.68,14.2,11.28,4.04,74.5,368.88,161.41,357.23,171.18,35.92,26.43,6.31,43.67,1.02,2.91,279.8,-148260
6533,-0.49,-2.07,-7.53,-28.23,-26.36,-11.45,127.96,53.45,-13.61,-13.68,-3112.36,-1255.26,944.75,822.13,17.32,14.76,5.09,4.73,0.31,0.57,17.57,153645
6552,10.72,20.89,7.69,7.79,8.39,8.1,7.35,48.36,-13.1,-57.72,-71.21,-69.96,137.71,106.78,101.07,50.27,7.41,27.03,0.69,8.98,1.27,-3693
6573,-1.33,-1.19,-11.76,-12.19,-12.32,-6.87,18.22,-0.61,-12.91,-25.19,-16.84,-96.28,114.19,78.07,117.9,54.11,2.24,69.05,0.48,3.79,1.3,-360543
6756,23,20.57,26.1,19.36,18.44,30.37,30.04,65.48,23.85,16.47,44.65,28.63,278.66,204.44,43,30.07,10.24,47.36,1.49,3.87,39.05,336806
8016,15.86,19.89,16.32,16.11,17.33,27.64,17.83,41.99,-3.95,-2.21,0.9,2.62,297.39,242.83,44.14,30.62,9.77,34.74,1.1,4.64,15.01,-815737
8028,8.56,24.96,3.2,1.73,3.3,2.47,19.49,47.37,-9.49,-45.43,-91.26,-82.77,214.13,170.85,120.44,54.64,6.56,27.94,0.46,7.46,0.92,264467
8081,14.35,19.28,16.01,17.94,17.61,18.96,19.69,42.57,32.97,37.28,53.71,33.5,239.59,194.42,49.39,33.06,4.74,52.51,0.99,4.76,5.99,772660
8110,8.8,33.13,-9.1,-0.69,2.93,0.26,4.78,37.73,-6.41,225.34,92.83,795.14,126.66,104.03,54.71,35.36,5.22,13.83,0.36,14.33,0.69,695533
8131,19.77,34.94,3.94,16.93,17.81,17.61,2.05,198.14,6.43,21.52,22.33,7.3,563.49,396.43,16.21,13.95,5.61,20.19,0.75,15.62,1.95,1510414
8150,15.54,31.97,8.72,14.41,12.52,11.28,7.12,99.21,13.1,31.27,54.64,-11.17,301.55,241.63,70.12,41.22,4.9,33.24,0.65,9.26,1.26,499283
8261,7.61,8.18,9.35,7.34,7.19,8.25,8.76,28.78,35.68,36.84,188.17,159.35,215.02,129.33,60.39,37.65,4.38,101.41,1.24,3.05,12.2,-858
8271,8.71,6.63,7.72,5.33,5.63,10.92,11.31,6.45,-3.73,-14.54,-23.7,-14.69,269.64,146.69,38.19,27.64,8.41,59.6,1.76,6.65,8.16,282761
3073,3.08,75.05,3.41,8.22,15.03,-0.05,29.47,7.37,-54.91,-41.02,119.7,108.02,46.17,42.75,280.08,73.69,10.22,2.98,0.08,80.04,0.2,127961
3105,20.02,49.07,16.59,32.74,34.17,25.81,10.98,100.61,29.09,59.91,89.42,101.14,279.29,169.25,50.89,33.73,11.95,22.19,0.54,2.82,1.28,-268235
3122,-1.78,-2.63,-4.23,-5.66,-5.04,-7.57,30.65,-42.34,14.81,3.87,49.42,53.05,369.44,256.48,21.22,17.5,7.66,35.86,0.91,4.71,2.76,-887
3141,8.07,12.71,6.21,8.65,7.69,10.08,30,53.18,0.38,-0.26,-2.73,-5.65,331.26,226.16,32.78,24.69,5.58,45.38,0.83,2.24,14.99,-1359
3169,13.26,26.72,10.91,24.36,24.03,31.65,27.77,109.09,-7.69,-0.88,1.6,-4.05,656.64,601.17,16.27,13.99,8.31,17.45,0.66,5.01,18.44,178090
3188,1.1,11.31,1.99,9.71,7.57,1.44,12.58,-40.19,-64,-57.89,-64.52,-71.22,315.41,18.61,219.88,68.74,2025.74,274.27,0.13,0.12,125.12,-433117
3219,20.81,79.42,12.72,70.78,71.38,9.98,20.7,1338.7,-14.83,21.33,235.09,245.23,11072.02,3494.49,0.91,0.9,3.2,1.47,0.35,2.45,43.57,-302737
3227,15.26,25.92,18.23,20.94,21.19,24.78,36.82,48.47,37.33,37.52,119.21,90.35,314.02,270.37,32.48,24.52,7.64,25.51,0.78,4.31,12.48,2007186
3228,7.75,19.04,0.03,2.32,0.45,1.63,72.34,50.92,48.83,57.14,111.56,102.26,205.63,132.84,43.9,30.51,7.07,39.12,0.54,0.65,2.41,19945
3259,-11.34,1.43,-8.42,-22.53,-7.33,-20.59,47.15,-27.89,1.62,4.59,11.92,71.21,235.94,113,44.27,30.69,8.08,63.68,1.04,2.65,4.23,-55841
3260,7.81,7.95,9.1,6.7,6.22,7.73,9.02,5.37,26.32,65.25,682.27,63.9,144.85,70.12,208.12,67.54,8.82,114.18,1.21,4.89,5.99,1761894
3264,17.82,53.06,9.93,22.31,22.48,12.45,11.96,78.97,16.41,31.03,41.59,46.33,160.41,143.22,84.15,45.7,4.9,17.33,0.45,0,0.75,-963272
3265,10.03,33.54,0.56,5.3,5.82,19.29,8.42,126.85,11.99,34.14,189.99,-11.42,564.31,538.87,24.6,19.74,2.82,14.44,0.4,27.26,1.26,397541
3268,-0.42,-0.56,-14.95,-0.06,-1.65,-0.24,8.15,7.05,10.82,18.7,44.65,-114.99,148.9,97.63,158.95,61.38,2.39,122.86,1.01,21.43,6.88,-66378
3317,7.49,10.47,6.79,10.69,9.52,9.63,14.78,47.14,-14.68,-4.42,-10.6,-22.99,401.17,292.94,25.88,20.56,2.39,73.55,0.97,3.46,8.14,64737
3372,2,4.92,-2.66,-5.53,-5.5,-3.31,8.51,-15.77,-5.58,-18.92,10.78,-44.74,368.86,264.13,19.2,16.11,5.06,25.4,0.54,6.36,1.08,-6219
3374,22.19,31.42,23.97,18.93,18.38,17.39,6.59,56.41,49.76,408.01,5108.84,6394.48,136.5,111.37,78.65,44.03,5.32,41.19,0.95,25.51,1.72,964470
3438,7.01,12.23,5.35,8.35,7.28,6.05,25.41,52.82,17.32,30.94,566.49,977.04,265.11,222.57,27.34,21.47,4.53,32.37,0.77,5.3,2.16,217303
3527,3.99,7.85,1.32,0.13,1.68,1.56,33.22,21.52,-37.64,-39.11,-99.15,-89.58,565.86,380.08,17.43,14.85,3.08,50.54,0.68,1.95,8.12,-7609
3529,30.32,50.32,29.61,45.88,46.88,38.44,54.12,147.31,22.11,22.11,27.16,25.79,404.58,391.33,24.01,19.36,12.37,8.35,0.8,0,3.59,410478
3555,-4.72,-40.98,-23.25,-15.41,-42.8,-29.73,20.7,21.58,21.88,126.01,68,16.16,571.95,564.3,21.77,17.88,30.2,1.86,0.5,5.87,367.95,7794
3556,17.58,28.24,17.16,24.31,24.62,27.23,30.06,45.89,9.66,4.51,23.31,17.2,398.24,292.53,32.83,24.71,6.2,47.45,0.83,1.96,167.02,230580
3567,21.33,45.61,10.49,24.75,24.75,18.93,13.33,178.06,7.53,24.9,41.68,38.04,275.25,260.75,13.61,11.98,3.77,18.93,0.62,0,1.02,61666
3581,6.88,13.29,7.24,9.33,9.76,7.8,29.28,-9.39,-4.57,-2.87,28.69,17.82,197.24,128.81,82.28,45.14,3.03,87.19,0.75,2.2,9.49,26723
3675,8.2,18.56,7.16,9.33,8.21,6.11,17.29,26.27,-0.21,32.84,10.27,-10.58,122.35,84.55,157.76,61.2,4.43,57.57,0.59,4.38,1.05,133297
3680,17.09,43.49,22.43,6.84,36.04,5.95,27.55,12.89,7.93,21.47,-19.27,168.37,167.93,92.63,119.39,54.42,9.03,40.38,0.44,2,2.03,-675338
3707,1.14,2.61,-8.46,-9.19,-9.38,-8.13,8.34,0.3,3.77,-280.75,-3.22,-3.41,218.09,135.7,77.04,43.52,4.53,55.5,0.64,4.06,1.74,74559
4945,11.31,20.17,9.35,18.44,17.36,29.36,27.77,29.91,16.15,26.36,66.71,29.42,742.52,616.83,17.89,15.18,4.96,33.15,0.75,4.49,55.03,29073
4966,20.52,27.39,17.93,24.02,24.26,28.72,20.24,94.4,24.07,29.83,47.37,41.93,418.36,347.86,22.45,18.34,9.93,22.56,1,7.94,45.31,2268041
4971,5.32,16.21,-1.84,2.07,1.9,1.59,24.84,57.89,-8.96,-29.08,-84.5,-85.46,369.18,227.65,10.39,9.41,6.6,18.86,0.42,3.1,0.62,61845
4973,3.5,2.88,-3.45,1.03,1.93,3.82,11.93,23.44,13.17,-6.23,-47.15,-30.91,215.71,111.95,51.03,33.79,8.84,74.03,1.61,4.5,17.46,81373
4991,2.75,9.81,-2.48,15.43,1.28,9.29,28.05,133.07,-13.13,-13.58,-9.85,-93.08,780.89,548.19,12.04,10.74,5.97,15.25,0.38,2.39,2.01,668055
5272,1.6,5.61,-4.93,-12.54,-9.72,-4.74,56.86,39.4,-16.76,-24.24,-647.16,-752.89,568.34,391.29,21.17,17.47,7.55,16.67,0.38,2.28,0.88,34967
5274,30.83,47.28,28.62,41.58,40.63,52.01,21.22,97.67,34.34,32.82,37.51,28.97,296.53,262.71,38.55,27.83,5.54,28.78,0.87,6.36,23.5,692073
5299,19.91,21.76,21.16,21.33,20.66,27.36,11.25,61.08,9.34,7.08,18.86,9.37,274.41,108.72,43.74,30.43,6.5,60.69,1.22,3.5,11.71,206224
5302,-1.63,-143.79,-2.77,-286.97,-199.96,-29.91,318.52,-15.59,-48.95,-62.53,0.81,10.58,37,29.33,23.09,18.76,6.9,0.96,0.02,1.4,0.13,6160
5314,-7.86,-111.13,-8.43,-125.06,-127.71,-26.59,171.61,-609.78,-62.3,-66.47,-84.76,-184.66,3973.29,3679.27,9.36,8.56,37.57,5.2,0.1,1.65,0.48,-3352
5344,14.26,32.75,5.84,8.89,10.71,4.29,10.14,58.22,66,469.5,160.07,182.67,256.36,252.33,26.79,21.13,4.55,19.09,0.58,792.14,1.29,41487
5347,19,32.54,13.02,21.15,21.65,22.68,11.6,74.74,16.53,4.02,0.8,-4.42,201.01,169.87,43.84,30.48,6.25,29.67,0.78,7.32,2.47,4582015
5351,1.06,2.36,-8.09,-6.44,-6.92,-6.34,24.2,1.93,-1.65,18.35,60.28,57.47,178.46,83.94,147.97,59.67,4.19,108.51,0.59,1.71,4.59,302774
5425,10.55,20.65,7.41,11.05,11.65,10.37,18.75,20.18,-4.7,-11.32,-12.36,-7.35,155.72,104.34,98.47,49.61,4.74,52.51,0.69,3.92,2.21,245751
5468,4.41,12.01,-2.88,-9.95,-2.68,-7.8,43.59,-8.18,4.84,25.2,76.08,91.84,79.41,37.87,130.86,56.68,14.51,32.64,0.46,2.86,0.96,-90354
5483,14.89,36.3,17.32,25.65,26.39,15.91,8.74,28.32,-9.1,12.86,19.98,16.59,160.51,114.61,124.94,55.54,7.07,34.63,0.56,5.15,1.47,10799795
5487,7.2,13.3,5.96,13.23,12.57,9.29,16.67,7.05,18.95,38.26,512.39,-30,675.71,481.75,23.2,18.83,5.06,34.96,0.72,4.51,4.63,7007
6103,-4.46,-201.21,-22.36,-136.98,-262.38,-2.42,163.28,123.27,-99.35,-95.07,-155.5,-377.06,139.81,132.15,208.89,67.63,134.37,4.98,0.03,2.61,0.81,842
6104,15.91,19.15,19.13,16.3,15.81,17.31,30.22,14.96,36.4,28.31,91.21,75.61,155.16,79.56,63.23,38.74,9.55,47.4,1.11,4.14,2.85,224120
6129,-1.39,-4.56,-5.58,-8,-10.39,-4.81,43.28,43.73,-10.86,-14.76,-9.8,-245.5,532.58,417.35,18.23,15.42,4.8,26.65,0.45,2.4,2.18,109003
6138,15,14.73,15.62,11.29,12.02,17.53,18.34,73.58,19.6,14.75,33.06,24.89,303.68,218.05,46.24,31.62,4.84,73.58,1.36,3.89,12.9,336138
6147,14.64,36.05,8.91,21.2,20.06,17.45,6.59,39.35,6.28,-11.5,-15.45,-22.08,232.31,204.38,28.78,22.35,4.78,20.92,0.55,13.13,1.32,3731959
6182,7.92,32.56,4.41,10.75,14.12,3.49,16.47,36.18,-7.77,-34.71,-51.43,-47.29,188.79,125.33,80.15,44.49,4.42,28.82,0.32,2.55,0.66,734157
6198,-14.93,-58.15,-19.73,-62.99,-64.35,-39.96,121.9,-86.06,28.11,7.83,18.02,6.59,442.52,354.16,20.22,16.82,107.83,10.35,0.34,1.33,87.42,1105
6223,13.44,25.28,11.49,15.74,15.63,11.48,28.28,30.08,10.6,23.86,132.19,112.95,226.86,107.55,52.74,34.53,4.72,65.27,0.71,1.42,1.97,-6389
6229,5.5,4,8.95,2.29,3.33,6.26,13.09,5.6,5.6,-1.26,64.86,60.19,143.87,110.94,97.16,49.28,9.81,64.58,1.83,13.08,66.44,150304
6233,1.55,5.82,0.6,-3.33,1.77,-1.47,51.42,23.62,-1.28,-1.37,12.32,-7.2,795.91,692.59,13.24,11.69,5.92,14.25,0.35,3.19,3.66,59629
6237,6.36,20.31,6.53,8.88,19.07,3.17,42.18,68.3,78,71.16,153.25,519.39,499.64,442.97,10.5,9.5,10.38,9.52,0.42,5.97,2.66,23287
6261,12.29,37.11,7.31,20.8,22.09,11.97,15.57,40.07,11.7,50.76,148.21,62.21,286.7,242.79,26.27,20.81,3.38,26.67,0.46,4.39,1.64,889494
6287,-3.4,-4.77,-76.09,-10.95,-13.38,-15.03,3.96,-11.98,8.88,45.29,42.78,37.8,73.51,39.43,1302.13,92.87,3.54,739.92,0.84,3.24,3.42,-11547
6291,9.78,11.52,12.26,10.64,11.1,3.09,18.97,31.53,24.59,73.08,155.78,170.83,414.82,298.25,28.02,21.89,8.61,45.82,1.13,3.4,214.02,-93
6411,12.01,19.85,11.45,17.98,18.02,17.69,18.36,26.58,14.66,-1.54,1.13,-8.18,365.16,254.42,28.18,21.99,4.5,39,0.81,4.54,6.03,-87534
6435,13.71,10.58,18.62,8.62,9.6,14.51,9.13,69.82,18.6,7.82,-2.98,-5.45,244.53,153.99,59.12,37.15,5.46,103.33,1.73,3.73,41.5,133941
6457,28.27,24.83,25.76,21.54,21.84,43.48,22.34,51.21,73.91,91.76,307.91,335.05,362.81,270.63,40.74,28.95,6.93,59.57,1.52,4.98,28.95,51697
6462,16.1,17.29,22.27,16.49,15.22,28.5,28.02,26.84,-6.35,1.14,8.88,-6.51,225.42,140.6,82.08,45.08,9.93,44.19,1.25,7.28,91.02,1251601
6485,2.75,5.7,0.44,-3.09,1.11,0.95,52.04,9.16,-20.88,-21.67,-133.41,-87.7,348.87,214.65,34.6,25.7,3.5,67.99,0.64,1.06,9.61,32740
6488,17.09,39.91,20.2,29.38,30.12,18.27,8.06,32.6,-7.55,-12.71,-13.76,-15.38,168.49,122.13,115.45,53.58,6.68,36.39,0.58,4.84,1.54,11306283
6494,16.72,18.83,10.49,11.9,11.38,19.9,28.77,60.1,-2.43,7.28,22.54,13.86,427.9,340.09,30.6,23.43,7.63,46.59,1.19,3.89,17.57,85831
6510,14.65,36.45,10.52,28.02,27.81,15.62,25.76,91.96,32.79,35.61,57.26,51.07,345.77,296.28,16.98,14.52,5.18,17.09,0.54,4.3,1.08,299684
6532,15.43,29.65,14.32,28.47,27.39,19.48,11.47,71.28,31.71,54.16,79.48,54.78,469.88,366.26,26.04,20.66,6.53,29.33,0.7,2.65,2.51,-191613
6548,10.71,16.82,11.54,9.35,9.88,9.92,8.5,29.94,1.68,10.24,6.98,1.67,271.9,179.05,119.67,54.48,4.71,62.48,0.84,5.84,4.31,-315548
6568,10.68,23.68,8.13,19.19,19.41,12.37,27.29,49.76,-14.38,-18.87,-36.51,-37.53,476.18,423.85,20.71,17.16,10.88,17.12,0.6,3.94,4.35,190613
6594,9.71,15.07,5.93,6.61,8.05,6.52,36.68,29.75,10.51,4.47,13.05,13.44,363.44,310.89,43.11,30.12,7.72,34.25,0.86,4.7,35.91,36231
6640,5.29,14.43,7.48,9.01,10.12,5.82,28.6,6.64,6.49,10.24,-35.38,-34.98,192.88,152.88,110.42,52.48,2.72,71.71,0.48,2.2,4.14,72682
6643,16.91,39.87,15.87,38.46,35.19,45.15,61.54,119.33,8.98,8.98,4.18,-8.65,709.29,671.03,13.83,12.15,4.85,13.93,0.57,0,5.13,306359
6651,12.01,13.04,16.04,12.84,11.52,16.77,16.84,7.08,13.56,8.77,24.5,17.3,221.5,151.52,91.46,47.77,3.13,127.66,1.23,3.12,36.24,3416
6679,20.95,20.97,19.22,19.77,19.42,27.52,13.99,51.21,31.46,48.06,95.43,87.78,472.79,277.68,25.55,20.35,5.05,79.88,1.33,2.72,34.22,199371
6683,19.36,39.23,17.31,36.85,35.15,26.82,20.16,20.53,44.09,53.53,66.52,54.69,314.8,186.48,31.41,23.9,6.34,54.03,0.66,1.17,3.63,145299
6716,17.71,22.83,17.74,19.61,19.22,26.97,21.45,53.94,42.15,55.98,112.42,94.35,449.94,353.42,33.78,25.25,4.6,44.23,1.03,5.85,75.16,-8019
6732,27.74,31.97,34.37,30.04,30.38,66.8,11.14,94.71,13.52,8.45,7.47,7.64,415.43,383.27,34.69,25.76,10.05,20.73,1.16,7.39,55.02,-1295952
7556,13.36,26.74,13.31,24.71,22.31,17.2,17.92,48.14,11.1,15.9,15.74,-0.87,335.26,291.34,56.63,36.15,5.69,28.11,0.64,5.29,2.19,37993
8024,-3.54,-7.7,-5.78,-11,-12.71,-10.97,37.07,18.69,-24.91,-30.89,-731.02,-2214.7,996.19,882.44,12.3,10.95,5.48,21.91,0.61,4.68,3.03,4761
8040,1.71,-11.75,-13.99,-2.83,-15.94,-0.28,33.11,-10.57,-10.35,-12.97,-911.82,-163.67,250.31,203.71,41.97,29.56,13.88,26.78,0.81,4.52,3,54145
8054,2.19,7.51,-3.4,-6.98,-3.82,-8.97,48.07,79.59,-11.97,-6.02,30.46,45.87,534.85,482.03,17.9,15.18,8.58,12.75,0.39,3.97,26.31,225194
8086,12.43,30.42,9.12,23.33,22.88,14.11,8.52,66.9,77.61,92.91,137.48,114.56,939.91,836.38,11.31,10.16,5.85,15.75,0.55,4.87,2.07,-3946570
8088,16.04,16.5,10.3,10.32,9.49,13.94,5.11,28.14,15.32,-5.17,-5.45,-16.35,195.25,162.31,55.14,35.54,9.36,29.72,1.3,14.82,3.66,142350
8277,-3.91,-10.02,-7.26,-13.92,-13.61,-8.29,25.65,-53.32,-63.53,912.6,41.85,43.73,635.45,467.1,15.85,13.68,9.67,22.76,0.49,4.92,1.39,-100045
8299,12.37,16.3,16.17,11.23,15.12,16.75,14.82,45.46,13.12,21.27,3.51,37.76,363.99,240.05,31,23.66,8.27,53.42,1.19,3.09,12.42,2723546